{
  "results": [
    {
      "gender": "female",
      "name": {
        "title": "Mrs",
        "first": "Teresa",
        "last": "Smith"
      },
      "location": {
        "street": {
          "number": 8809,
          "name": "First Street"
        },
        "city": "Huntington Beach",
        "state": "Montana",
        "country": "United States",
        "postcode": 13984,
        "coordinates": {
          "latitude": "89.9695",
          "longitude": "133.5422"
        },
        "timezone": {
          "offset": "+9:00",
          "description": "Tokyo, Seoul, Osaka, Sapporo, Yakutsk"
        }
      },
      "email": "teresa.smith@example.com",
      "login": {
        "uuid": "ed6ee468-00a0-41cc-8222-764e11e58728",
        "username": "bigladybug466",
        "password": "bigmac",
        "salt": "aMbgXVWj",
        "md5": "1a3c81fde352532c8d56bb07328d22f3",
        "sha1": "10a8b335f03c89a8d68be2195aaf87cfc8e8793a",
        "sha256": "80e41b3fbc5fa63ad3c9017973b2dace8f745498021ab21fe30e09affd3d3d51"
      },
      "dob": {
        "date": "1958-04-28T09:52:16.605Z",
        "age": 62
      },
      "registered": {
        "date": "2018-07-20T20:57:05.063Z",
        "age": 2
      },
      "phone": "(083)-541-5287",
      "cell": "(221)-873-7353",
      "id": {
        "name": "SSN",
        "value": "889-52-3249"
      },
      "picture": {
        "large": "https://randomuser.me/api/portraits/women/9.jpg",
        "medium": "https://randomuser.me/api/portraits/med/women/9.jpg",
        "thumbnail": "https://randomuser.me/api/portraits/thumb/women/9.jpg"
      },
      "nat": "US"
    },
    {
      "gender": "male",
      "name": {
        "title": "Mr",
        "first": "Eli",
        "last": "Richardson"
      },
      "location": {
        "street": {
          "number": 4728,
          "name": "Mill Lane"
        },
        "city": "Balbriggan",
        "state": "Kilkenny",
        "country": "Ireland",
        "postcode": 27841,
        "coordinates": {
          "latitude": "-48.4606",
          "longitude": "134.3662"
        },
        "timezone": {
          "offset": "+9:00",
          "description": "Tokyo, Seoul, Osaka, Sapporo, Yakutsk"
        }
      },
      "email": "eli.richardson@example.com",
      "login": {
        "uuid": "b431eb4b-485e-4df9-8547-fa24cd761635",
        "username": "goldensnake778",
        "password": "iiiiii",
        "salt": "u8GKy7Yr",
        "md5": "85de817ba33a18119612abd4b5de3be2",
        "sha1": "d4b0dc775344405c8814032df5f571146fb4c985",
        "sha256": "8d4c6e66eda8a2ca4ae43522b11c7f8654c7880596251498d16821a254283cac"
      },
      "dob": {
        "date": "1953-05-03T13:54:23.343Z",
        "age": 67
      },
      "registered": {
        "date": "2010-10-13T04:38:57.053Z",
        "age": 10
      },
      "phone": "071-549-1092",
      "cell": "081-494-2362",
      "id": {
        "name": "PPS",
        "value": "5651086T"
      },
      "picture": {
        "large": "https://randomuser.me/api/portraits/men/19.jpg",
        "medium": "https://randomuser.me/api/portraits/med/men/19.jpg",
        "thumbnail": "https://randomuser.me/api/portraits/thumb/men/19.jpg"
      },
      "nat": "IE"
    }
  ],
  "info": {
    "seed": "183067b0f6d24c94",
    "results": 50,
    "page": 1,
    "version": "1.3"
  }
}
